{"inputs":[["0807000000000000000000000000000000000000000000000000000000000000","0505000000000000000000000000000000000000000000000000000000000000","e701000000000000000000000000000000000000000000000000000000000000","a104000000000000000000000000000000000000000000000000000000000000","f507000000000000000000000000000000000000000000000000000000000000","f307000000000000000000000000000000000000000000000000000000000000","a804000000000000000000000000000000000000000000000000000000000000","df04000000000000000000000000000000000000000000000000000000000000","df04000000000000000000000000000000000000000000000000000000000000","0d05000000000000000000000000000000000000000000000000000000000000"]],"pretty_elements":{"rescaled_inputs":[["0.87890625","0.62744140625","0.23779296875","0.57861328125","0.99462890625","0.99365234375","0.58203125","0.60888671875","0.60888671875","0.63134765625"]],"inputs":[["0x0000000000000000000000000000000000000000000000000000000000000708","0x0000000000000000000000000000000000000000000000000000000000000505","0x00000000000000000000000000000000000000000000000000000000000001e7","0x00000000000000000000000000000000000000000000000000000000000004a1","0x00000000000000000000000000000000000000000000000000000000000007f5","0x00000000000000000000000000000000000000000000000000000000000007f3","0x00000000000000000000000000000000000000000000000000000000000004a8","0x00000000000000000000000000000000000000000000000000000000000004df","0x00000000000000000000000000000000000000000000000000000000000004df","0x000000000000000000000000000000000000000000000000000000000000050d"]],"processed_inputs":[],"processed_params":[],"processed_outputs":[],"rescaled_outputs":[["1.0537109375","0.34716796875","0.884765625"]],"outputs":[["0x000000000000000000000000000000000000000000000000000000000000086e","0x00000000000000000000000000000000000000000000000000000000000002c7","0x0000000000000000000000000000000000000000000000000000000000000714"]]},"outputs":[["6e08000000000000000000000000000000000000000000000000000000000000","c702000000000000000000000000000000000000000000000000000000000000","1407000000000000000000000000000000000000000000000000000000000000"]],"processed_inputs":null,"processed_params":null,"processed_outputs":null,"max_lookup_inputs":4675,"min_lookup_inputs":-1858,"max_range_size":2048}